Registry Size (N),Pointer Length (k),Recall@1,Recall@5,MRR,nDCG@10,Collision Rate,Latency (ms),BM25 R@1
8,4,1.000,1.000,1.000,1.000,0.0000,12.33,1.000
8,8,1.000,1.000,1.000,1.000,0.0000,4.92,1.000
8,16,1.000,1.000,1.000,1.000,0.0000,7.25,1.000
16,4,1.000,1.000,1.000,1.000,0.0667,5.26,1.000
16,8,1.000,1.000,1.000,1.000,0.0667,5.77,1.000
16,16,1.000,1.000,1.000,1.000,0.0667,5.26,1.000
32,4,0.969,1.000,0.984,0.988,0.0968,5.30,1.000
32,8,0.969,1.000,0.984,0.988,0.0968,5.50,1.000
32,16,0.969,1.000,0.984,0.988,0.0968,5.57,1.000
64,4,0.920,1.000,0.955,0.966,0.1096,5.56,1.000
64,8,0.920,1.000,0.955,0.966,0.1096,5.87,1.000
64,16,0.920,1.000,0.955,0.966,0.1096,5.82,1.000
128,4,0.920,1.000,0.949,0.962,0.1161,7.01,1.000
128,8,0.920,1.000,0.949,0.962,0.1161,6.30,1.000
128,16,0.920,1.000,0.949,0.962,0.1161,7.18,1.000
256,4,0.900,0.960,0.927,0.944,0.1194,8.37,1.000
256,8,0.900,0.960,0.927,0.944,0.1194,9.01,1.000
256,16,0.900,0.960,0.927,0.944,0.1194,9.18,1.000
